[
{
  "model": "sessions.session",
  "pk": "k6hbed0b38hfd3x0iu0ax25840dz6j4j",
  "fields": {
    "session_data": ".eJxVjMsOwiAQAP-FsyGshIcevfsNZFl2pWogKe2p8d9Nkx70OjOZTSVcl5rWwXOairoqUKdflpFe3HZRntgeXVNvyzxlvSf6sEPfe-H37Wj_BhVH3bdeIpnsAB0EJuMCZkGbA3nKaK2UyDEEKOLFsqABuUQ6RxASsOTV5wsDvDjv:1rxBh6:IvxP2eWJE_HwReJE4JkrWpwaRuBEUKFT9DfzpPfzjnc",
    "expire_date": "2024-05-01T20:15:48.056Z"
  }
},
{
  "model": "user.user",
  "pk": 1,
  "fields": {
    "password": "pbkdf2_sha256$720000$aocSrrwTZkA7Qib3KhA2Bh$+ufzQCmz001dhRe6nzAUgHaAal+Q2Aq5UobVrbEJN5Y=",
    "last_login": "2024-04-17T20:15:47.784Z",
    "is_superuser": true,
    "first_name": "",
    "last_name": "",
    "is_staff": true,
    "is_active": true,
    "date_joined": "2024-04-17T20:15:17.191Z",
    "email": "admin@email.com",
    "groups": [],
    "user_permissions": []
  }
},
{
  "model": "user.user",
  "pk": 2,
  "fields": {
    "password": "pbkdf2_sha256$720000$5upCZpqHsZlMIG0bQVxv1i$SUEjCrU9Hsfzzu4UGPIHUf8yoe4LwXBHPHg3ENLfSBk=",
    "last_login": null,
    "is_superuser": false,
    "first_name": "",
    "last_name": "",
    "is_staff": false,
    "is_active": true,
    "date_joined": "2024-04-17T21:42:00.642Z",
    "email": "user1@1.com",
    "groups": [],
    "user_permissions": []
  }
},
{
  "model": "airport.country",
  "pk": 1,
  "fields": {
    "name": "USA"
  }
},
{
  "model": "airport.country",
  "pk": 2,
  "fields": {
    "name": "Australia"
  }
},
{
  "model": "airport.country",
  "pk": 3,
  "fields": {
    "name": "China"
  }
},
{
  "model": "airport.country",
  "pk": 4,
  "fields": {
    "name": "UK"
  }
},
{
  "model": "airport.country",
  "pk": 5,
  "fields": {
    "name": "Germany"
  }
},
{
  "model": "airport.country",
  "pk": 6,
  "fields": {
    "name": "France"
  }
},
{
  "model": "airport.country",
  "pk": 7,
  "fields": {
    "name": "Turkish"
  }
},
{
  "model": "airport.country",
  "pk": 8,
  "fields": {
    "name": "UAE"
  }
},
{
  "model": "airport.country",
  "pk": 9,
  "fields": {
    "name": "Egypt"
  }
},
{
  "model": "airport.city",
  "pk": 1,
  "fields": {
    "name": "New York",
    "country": 1
  }
},
{
  "model": "airport.city",
  "pk": 2,
  "fields": {
    "name": "Sidney",
    "country": 2
  }
},
{
  "model": "airport.city",
  "pk": 3,
  "fields": {
    "name": "Shanghai",
    "country": 3
  }
},
{
  "model": "airport.city",
  "pk": 4,
  "fields": {
    "name": "Ninghbo",
    "country": 3
  }
},
{
  "model": "airport.city",
  "pk": 5,
  "fields": {
    "name": "Paris",
    "country": 6
  }
},
{
  "model": "airport.city",
  "pk": 6,
  "fields": {
    "name": "Hannover",
    "country": 5
  }
},
{
  "model": "airport.airport",
  "pk": 1,
  "fields": {
    "name": "Sydney Kingsford Smith Airport (SYD)",
    "closest_big_city": 2
  }
},
{
  "model": "airport.airport",
  "pk": 2,
  "fields": {
    "name": "John F. Kennedy International Airport (JFK)",
    "closest_big_city": 1
  }
},
{
  "model": "airport.airport",
  "pk": 3,
  "fields": {
    "name": "Shanghai Pudong International Airport",
    "closest_big_city": 3
  }
},
{
  "model": "airport.airport",
  "pk": 4,
  "fields": {
    "name": "Paris Charles de Gaulle Airport",
    "closest_big_city": 5
  }
},
{
  "model": "airport.route",
  "pk": 1,
  "fields": {
    "source": 2,
    "destination": 1,
    "distance": 6457
  }
},
{
  "model": "airport.route",
  "pk": 2,
  "fields": {
    "source": 2,
    "destination": 3,
    "distance": 7412
  }
},
{
  "model": "airport.route",
  "pk": 3,
  "fields": {
    "source": 3,
    "destination": 2,
    "distance": 7462
  }
},
{
  "model": "airport.route",
  "pk": 4,
  "fields": {
    "source": 1,
    "destination": 4,
    "distance": 7894
  }
},
{
  "model": "airport.route",
  "pk": 5,
  "fields": {
    "source": 3,
    "destination": 3,
    "distance": 0
  }
},
{
  "model": "airport.crew",
  "pk": 1,
  "fields": {
    "first_name": "William",
    "last_name": "Peele",
    "photo": "upload/crews/william-peele-25bcc7ce-7704-4050-a301-a389a26d2ab3.jpg"
  }
},
{
  "model": "airport.crew",
  "pk": 2,
  "fields": {
    "first_name": "Jack",
    "last_name": "Daniels",
    "photo": "upload/crews/jack-daniels-5a33c1aa-1c46-45d5-a84f-023af4a0f6b0.jpg"
  }
},
{
  "model": "airport.crew",
  "pk": 3,
  "fields": {
    "first_name": "Mary",
    "last_name": "Smith",
    "photo": "upload/crews/mary-smith-1022cefc-bad2-4344-bb0d-0ef7e1da622d.jpg"
  }
},
{
  "model": "airport.crew",
  "pk": 4,
  "fields": {
    "first_name": "Captain",
    "last_name": "Black",
    "photo": "upload/crews/captain-black-st-59e7ccc3-a7e4-4de8-8b59-0de7979e9726.jpg"
  }
},
{
  "model": "airport.crew",
  "pk": 5,
  "fields": {
    "first_name": "Sir",
    "last_name": "Peterson",
    "photo": ""
  }
},
{
  "model": "airport.crew",
  "pk": 6,
  "fields": {
    "first_name": "Morgan",
    "last_name": "Black",
    "photo": ""
  }
},
{
  "model": "airport.airplanetype",
  "pk": 1,
  "fields": {
    "name": "Jet"
  }
},
{
  "model": "airport.airplanetype",
  "pk": 2,
  "fields": {
    "name": "Cargo"
  }
},
{
  "model": "airport.airplanetype",
  "pk": 3,
  "fields": {
    "name": "Civil"
  }
},
{
  "model": "airport.airplane",
  "pk": 1,
  "fields": {
    "name": "A50",
    "rows": 5,
    "seats_in_row": 4,
    "airplane_type": 1,
    "airplane_photo": "upload/airplanes/a50-8fc44a78-4e34-4156-951d-9ec7f5836a15.png"
  }
},
{
  "model": "airport.airplane",
  "pk": 2,
  "fields": {
    "name": "A-60",
    "rows": 20,
    "seats_in_row": 8,
    "airplane_type": 3,
    "airplane_photo": "upload/airplanes/a-60-civil-bc976183-b40b-46cd-bca3-7d2dcbf2e8f9.jpg"
  }
},
{
  "model": "airport.airplane",
  "pk": 3,
  "fields": {
    "name": "Boeing 700",
    "rows": 45,
    "seats_in_row": 6,
    "airplane_type": 3,
    "airplane_photo": "upload/airplanes/boeing-700-civil-2c417450-22f1-47a6-9b51-0ba17a97e461.jpeg"
  }
},
{
  "model": "airport.flight",
  "pk": 1,
  "fields": {
    "route": 2,
    "airplane": 2,
    "departure_time": "2024-04-09T18:00:00Z",
    "arrival_time": "2024-04-10T21:55:45Z",
    "crew": [
      4,
      2,
      1,
      3
    ]
  }
},
{
  "model": "airport.order",
  "pk": 1,
  "fields": {
    "created_at": "2024-04-17T21:56:25.466Z",
    "user": 1
  }
},
{
  "model": "airport.order",
  "pk": 2,
  "fields": {
    "created_at": "2024-04-19T11:08:54.458Z",
    "user": 1
  }
},
{
  "model": "airport.order",
  "pk": 3,
  "fields": {
    "created_at": "2024-04-19T11:10:30.616Z",
    "user": 1
  }
},
{
  "model": "airport.ticket",
  "pk": 1,
  "fields": {
    "row": 1,
    "seat": 2,
    "flight": 1,
    "order": 1
  }
},
{
  "model": "airport.ticket",
  "pk": 2,
  "fields": {
    "row": 2,
    "seat": 2,
    "flight": 1,
    "order": 2
  }
},
{
  "model": "airport.ticket",
  "pk": 3,
  "fields": {
    "row": 3,
    "seat": 2,
    "flight": 1,
    "order": 3
  }
},
{
  "model": "airport.ticket",
  "pk": 4,
  "fields": {
    "row": 3,
    "seat": 3,
    "flight": 1,
    "order": 3
  }
},
{
  "model": "airport.ticket",
  "pk": 5,
  "fields": {
    "row": 3,
    "seat": 5,
    "flight": 1,
    "order": 3
  }
}
]
